,City,Cloudiness,Country,Date,Humidity,Lat,Lng,Max Temp,Wind Speed
0,San Jose,100,PH,1559690623,57,15.79,120.99,87.53,8.48
1,Richards Bay,0,ZA,1559690697,61,-28.77,32.06,72.05,20.09
2,Kruisfontein,98,ZA,1559690701,55,-34.0,24.73,61.07,5.95
3,Nikolskoye,0,RU,1559690703,55,59.7,30.79,66.2,6.71
4,Nouadhibou,2,MR,1559690704,82,20.93,-17.03,68.0,13.87
5,Ushuaia,0,AR,1559690705,86,-54.81,-68.31,39.2,3.36
6,Taoudenni,0,ML,1559690463,7,22.68,-3.98,94.01,8.28
7,San Jose de Guanipa,100,VE,1559690707,65,8.89,-64.17,82.31,9.55
8,Khokhlovo,0,RU,1559690708,72,50.71,36.69,62.6,6.71
9,Puerto Ayora,20,EC,1559690709,61,-0.74,-90.35,82.4,19.46
10,Tateyama,75,JP,1559690710,69,36.66,137.31,80.01,3.36
11,Port Alfred,26,ZA,1559690712,91,-33.59,26.89,61.0,7.0
12,Atuona,4,PF,1559690716,77,-9.8,-139.03,82.49,19.33
13,Barrow,100,AR,1559690717,65,-38.31,-60.23,59.45,19.82
14,Arklow,90,IE,1559690718,100,52.79,-6.14,51.01,5.82
15,San Juan,40,PR,1559690720,83,18.47,-66.12,84.2,9.17
16,Dikson,100,RU,1559690721,95,73.51,80.55,32.81,7.87
17,Leirvik,63,NO,1559690722,76,59.78,5.5,53.6,8.05
18,Punta Arenas,90,CL,1559690724,93,-53.16,-70.91,41.0,6.93
19,Tasiilaq,0,GL,1559690725,45,65.61,-37.64,42.8,9.17
20,Lac du Bonnet,93,CA,1559690726,43,50.25,-96.06,72.0,7.0
21,Yar-Sale,100,RU,1559690730,91,66.83,70.83,34.25,15.28
22,Grindavik,0,IS,1559690731,70,63.84,-22.43,45.0,18.34
23,Santa Cruz,1,US,1559690540,60,36.97,-122.03,93.0,5.82
24,Kita,75,JP,1559690735,78,35.76,139.74,77.0,8.05
25,Ostrovnoy,100,RU,1559690736,91,68.05,39.51,47.57,10.29
26,Avarua,93,CK,1559690526,83,-21.21,-159.78,75.2,6.93
27,Rikitea,0,PF,1559690738,80,-23.12,-134.97,76.19,6.24
28,Strezhevoy,0,RU,1559690739,55,60.73,77.6,60.8,6.71
29,Hilo,1,US,1559690743,61,19.71,-155.08,82.4,10.29
30,Georgetown,20,GY,1559690582,78,6.8,-58.16,82.4,13.87
31,Ribeira Grande,0,PT,1559690746,69,38.52,-28.7,62.51,11.07
32,San-Pedro,17,CI,1559690747,96,4.75,-6.64,71.33,2.55
33,Bluff,85,AU,1559690748,33,-23.58,149.07,61.25,14.56
34,Gravdal,43,NO,1559690749,76,59.79,5.78,53.6,8.05
35,Busselton,100,AU,1559690751,31,-33.64,115.35,57.0,34.07
36,Rio Cuarto,0,AR,1559690752,72,-33.13,-64.35,60.8,24.16
37,Ames,1,US,1559690501,62,42.03,-93.62,86.0,9.17
38,Katsuura,75,JP,1559690754,94,33.93,134.5,73.99,2.24
39,Yellowknife,90,CA,1559690755,93,62.45,-114.38,46.4,11.41
40,Bredasdorp,55,ZA,1559690756,72,-34.53,20.04,60.8,20.8
41,Petrozavodsk,36,RU,1559690757,64,61.79,34.39,68.0,11.18
42,Sitka,0,US,1559690759,49,37.17,-99.65,87.01,11.01
43,Dingle,87,PH,1559690760,56,11.0,122.67,86.63,7.61
44,Kavieng,78,PG,1559690667,74,-2.57,150.8,83.75,7.31
45,Klang,75,MY,1559690631,88,3.05,101.45,78.8,5.82
46,Bethel,20,US,1559690671,52,60.79,-161.76,66.2,13.87
47,Tuktoyaktuk,75,CA,1559690765,57,69.44,-133.03,48.2,14.99
48,Cidreira,1,BR,1559690766,72,-30.17,-50.22,60.53,5.53
49,Mayor Pablo Lagerenza,0,PY,1559690767,75,-19.93,-60.77,63.95,3.71
50,Lebu,79,ET,1559690768,70,8.96,38.73,57.11,1.28
51,Albany,90,US,1559690769,71,42.65,-73.75,62.01,4.7
52,Portales,20,US,1559690770,37,34.19,-103.33,86.0,11.41
53,Port Elizabeth,1,US,1559690772,37,39.31,-74.98,73.99,5.82
54,New Norfolk,20,AU,1559690773,61,-42.78,147.06,48.99,24.16
55,Los Llanos de Aridane,2,ES,1559690774,73,28.66,-17.92,69.8,14.99
56,Erice,0,IT,1559690775,82,38.04,12.59,68.0,2.24
57,Hailar,25,CN,1559690776,60,49.2,119.7,55.67,15.48
58,Pevek,73,RU,1559690750,92,69.7,170.27,31.37,8.77
59,Cartagena,0,ES,1559690667,77,37.63,-1.0,69.01,6.93
60,Hobart,20,AU,1559690779,61,-42.88,147.33,48.99,24.16
61,Kirakira,81,SB,1559690781,76,-10.46,161.92,84.29,7.52
62,Vaini,90,IN,1559690782,86,15.34,74.49,78.71,2.33
63,Ancud,75,CL,1559690783,93,-41.87,-73.83,53.6,17.22
64,Upernavik,29,GL,1559690784,88,72.79,-56.15,33.89,2.26
65,Benghazi,0,LY,1559690785,69,32.12,20.07,68.81,8.93
66,Luderitz,0,NA,1559690786,93,-26.65,15.16,51.8,4.7
67,Morant Bay,20,JM,1559690787,74,17.88,-76.41,84.2,17.22
68,Hofn,100,IS,1559690789,84,64.25,-15.21,29.93,24.18
69,Hithadhoo,100,MV,1559690790,74,-0.6,73.08,85.01,10.71
70,Mataura,75,NZ,1559690791,80,-46.19,168.86,44.69,6.96
71,Pemagatsel,20,BT,1559690792,88,27.03,91.43,64.49,2.35
72,Qaanaaq,52,GL,1559690793,92,77.48,-69.36,24.71,0.87
73,Pozo Colorado,0,PY,1559690795,86,-23.49,-58.8,55.13,4.32
74,Geraldton,90,CA,1559690796,29,49.72,-86.95,66.2,11.41
75,Rumphi,2,MW,1559690797,81,-11.02,33.86,51.35,3.2
76,Butaritari,100,KI,1559690798,79,3.07,172.79,84.29,14.45
77,Hastings,97,NZ,1559690721,89,-39.64,176.84,52.43,5.21
78,Manggar,100,ID,1559690803,83,-2.88,108.27,80.33,5.26
79,Lagoa,0,PT,1559690805,63,37.14,-8.45,63.0,14.99
80,Torbay,90,CA,1559690570,100,47.66,-52.73,57.99,13.87
81,Provideniya,75,RU,1559690807,93,64.42,-173.23,41.0,6.71
82,Castro,75,CL,1559690808,93,-42.48,-73.76,53.6,17.22
83,Paciran,61,ID,1559690809,75,-6.9,112.33,76.55,4.81
84,Kodiak,40,US,1559690810,32,39.95,-94.76,86.0,11.41
85,Alofi,75,NU,1559690723,74,-19.06,-169.92,78.8,14.99
86,Aswan,0,EG,1559690816,18,24.09,32.9,96.8,3.36
87,Airai,28,TL,1559690817,61,-8.93,125.41,77.81,10.33
88,Kapaa,20,US,1559690717,69,22.08,-159.32,84.2,17.22
89,Guarapari,40,BR,1559690822,60,-20.67,-40.5,73.4,17.22
90,Tiksi,0,RU,1559690823,78,71.64,128.87,34.07,12.73
91,Middelburg,0,ZA,1559690824,30,-25.77,29.46,51.35,3.11
92,Seoul,90,KR,1559690584,82,37.57,126.98,68.0,1.12
93,Leningradskiy,100,RU,1559690829,91,69.38,178.42,34.97,9.06
94,Mughal Sarai,11,IN,1559690830,58,25.28,83.13,87.8,9.17
95,Fare,73,PF,1559690832,70,-16.7,-151.02,81.23,10.69
96,Sao Filipe,6,CV,1559690833,85,14.9,-24.5,74.57,12.57
97,Carnarvon,17,ZA,1559690834,74,-30.97,22.13,52.07,23.24
98,Ler,0,NO,1559690838,93,63.2,10.3,51.8,3.36
99,Severo-Kurilsk,100,RU,1559690839,93,50.68,156.12,41.09,17.78
100,Mount Pleasant,1,US,1559690841,62,33.16,-94.97,88.0,5.17
101,Magalia,40,US,1559690842,24,39.81,-121.58,100.4,9.17
102,Jamestown,0,AU,1559690843,66,-33.21,138.6,47.75,9.95
103,Peniche,20,PT,1559690845,77,39.36,-9.38,60.01,9.17
104,Cheremukhovo,1,RU,1559690846,76,56.23,46.23,50.99,4.99
105,Narsaq,0,GL,1559690847,32,60.91,-46.05,53.6,10.29
106,Iralaya,40,HN,1559690848,74,15.0,-83.23,84.2,9.17
107,Broken Hill,0,AU,1559690849,93,-31.97,141.45,35.6,4.7
108,Quang Ngai,91,VN,1559690850,63,15.12,108.8,81.77,1.74
109,Nishihara,20,JP,1559690851,73,35.74,139.53,77.0,5.82
110,Utrecht,90,NL,1559690840,88,52.09,5.11,66.0,9.17
111,Beira,20,ES,1559690854,87,43.2,-8.36,54.0,5.82
112,Kamaishi,75,JP,1559690855,73,39.28,141.86,71.6,2.24
113,Makakilo City,75,US,1559690856,61,21.35,-158.09,87.8,10.29
114,East London,1,ZA,1559690857,24,-33.02,27.91,64.67,8.88
115,Belaya Gora,1,RU,1559690861,32,68.54,146.19,49.37,10.47
116,Shenjiamen,87,CN,1559690862,87,29.96,122.3,73.85,8.57
117,Klaksvik,96,FO,1559690863,100,62.23,-6.59,42.8,14.99
118,Takoradi,97,GH,1559690865,94,4.89,-1.75,74.75,3.74
119,Ahipara,41,NZ,1559690866,100,-35.17,173.16,62.01,31.85
120,Saldanha,0,PT,1559690867,77,41.42,-6.55,49.37,6.6
121,Bojnurd,0,IR,1559690868,87,37.47,57.33,53.6,5.57
122,Tual,100,ID,1559690653,83,-5.67,132.75,80.87,27.78
123,Port Hedland,0,AU,1559690870,29,-20.31,118.58,60.8,14.99
124,Kaitangata,45,NZ,1559690871,65,-46.28,169.85,46.0,7.0
125,Saskylakh,0,RU,1559690872,55,71.97,114.09,44.69,13.53
126,Cabedelo,0,BR,1559690874,69,-6.97,-34.84,78.8,11.41
127,Fayaoue,100,NC,1559690875,73,-20.65,166.53,76.55,0.92
128,Beringovskiy,69,RU,1559690879,52,63.05,179.32,56.75,11.39
129,Mendota,1,US,1559690676,36,36.75,-120.38,97.0,11.41
130,Inongo,0,CD,1559690881,48,-1.93,18.29,72.23,1.88
131,Turukhansk,0,RU,1559690882,56,65.8,87.96,47.39,8.19
132,Nanortalik,0,GL,1559690886,82,60.14,-45.24,38.75,4.05
133,Santa Barbara,1,US,1559690888,42,34.42,-119.7,82.99,11.41
134,Hermanus,44,ZA,1559690669,87,-34.42,19.24,59.0,8.99
135,Bichura,0,RU,1559690890,43,50.59,107.6,53.15,3.15
136,Fortuna,0,ES,1559690891,82,38.18,-1.13,69.01,1.12
137,Salalah,20,OM,1559690892,79,17.01,54.1,86.0,5.82
138,Nenzing,1,AT,1559690894,56,47.18,9.7,69.8,2.24
139,Keflavik,0,IS,1559690718,70,64.0,-22.56,45.0,18.34
140,Kahului,75,US,1559690896,46,20.89,-156.47,89.6,17.22
141,Roseburg,1,US,1559690773,18,43.22,-123.34,84.2,8.05
142,Boende,47,CD,1559690898,74,-0.28,20.88,73.85,1.97
143,Evinayong,84,GQ,1559690899,99,1.44,10.55,69.35,3.49
144,Mendi,100,ET,1559690900,94,9.8,35.1,64.85,3.74
145,Tilichiki,100,RU,1559690901,82,60.47,166.1,47.39,4.59
146,Vao,6,EE,1559690903,83,59.1,26.19,59.63,6.4
147,Chuy,0,UY,1559690904,61,-33.69,-53.46,59.27,8.43
148,Clyde River,75,CA,1559690905,93,70.47,-68.59,35.6,9.17
149,Vaitape,1,PF,1559690906,72,-16.52,-151.75,81.77,12.64
150,College,1,US,1559690907,24,64.86,-147.8,69.8,6.93
151,Nome,40,US,1559690908,70,30.04,-94.42,86.0,10.29
152,Bhabua,13,IN,1559690909,50,25.04,83.61,91.67,9.24
153,Cape Town,40,ZA,1559690910,93,-33.93,18.42,61.0,16.11
154,Khatanga,88,RU,1559690912,75,71.98,102.47,46.49,5.7
155,Suileng,0,CN,1559690913,53,47.25,127.08,70.25,8.16
156,Ponta do Sol,0,BR,1559690914,91,-20.63,-46.0,54.95,2.75
157,Simbahan,99,PH,1559690915,74,6.3,120.58,83.75,8.25
158,Tromso,40,NO,1559690916,87,69.65,18.96,48.2,13.87
159,Constitucion,75,MX,1559690917,16,23.99,-104.67,84.2,6.93
160,Portland,20,US,1559690695,17,45.52,-122.67,80.01,4.7
161,Tayshet,1,RU,1559690920,54,55.94,98.01,57.65,2.19
162,Faanui,1,PF,1559690921,72,-16.48,-151.75,81.77,12.64
163,Labuhan,73,ID,1559690922,87,-2.54,115.51,77.63,0.72
164,Muros,40,ES,1559690923,93,42.77,-9.06,59.0,3.36
165,Pacific Grove,1,US,1559690924,67,36.62,-121.92,93.0,5.82
166,Warrnambool,94,AU,1559690925,67,-38.38,142.48,53.01,3.0
167,Dunedin,1,NZ,1559690796,55,-45.87,170.5,46.99,18.01
168,Plettenberg Bay,49,ZA,1559690927,72,-34.05,23.37,58.01,5.28
169,Nelson Bay,75,AU,1559690929,76,-32.72,152.14,53.6,13.87
170,Okhotsk,0,RU,1559690930,63,59.36,143.24,58.01,6.13
171,Port Hardy,75,CA,1559690884,66,50.7,-127.42,55.4,10.29
172,Touros,20,BR,1559690932,83,-5.2,-35.46,78.8,8.05
173,Tver,0,RU,1559690933,89,56.86,35.92,51.53,4.65
174,Fort Nelson,75,CA,1559690934,57,58.81,-122.69,51.8,6.93
175,Varhaug,0,NO,1559690935,62,58.61,5.65,57.2,6.93
176,Alexandria,75,US,1559690937,55,31.31,-92.44,89.6,12.75
177,Laguna,5,MX,1559690938,38,27.52,-110.01,87.8,11.41
178,Tezu,1,IN,1559690939,57,27.93,96.16,75.47,2.21
179,Lorengau,87,PG,1559690940,86,-2.02,147.27,82.13,5.32
180,Wisconsin Rapids,90,US,1559690941,73,44.39,-89.82,77.0,5.82
181,Mar del Plata,100,AR,1559690942,57,-46.43,-67.52,55.31,20.33
182,Honiara,20,SB,1559690943,70,-9.43,159.96,87.8,5.82
183,Nicoya,75,CR,1559690945,66,10.15,-85.45,86.0,10.29
184,Pravia,75,ES,1559690946,93,43.49,-6.11,55.0,6.93
185,Verkhnetulomskiy,75,RU,1559690947,93,68.61,31.8,46.4,2.24
186,Norman Wells,90,CA,1559690948,93,65.28,-126.83,39.2,2.24
187,Mehamn,75,NO,1559690949,86,71.03,27.85,41.0,5.82
188,Massakory,97,TD,1559690950,38,13.0,15.73,95.63,8.19
189,Eldorado,5,MX,1559690952,55,24.32,-107.36,86.0,11.41
190,Praya,40,ID,1559690953,100,-8.71,116.27,73.4,3.53
191,Erzurum,0,TR,1559690954,71,39.91,41.27,59.0,1.12
192,Victoria,75,BN,1559690956,100,5.28,115.24,77.0,4.23
193,Atar,36,MR,1559690957,12,20.52,-13.05,99.95,11.48
194,Kununurra,98,AU,1559690958,27,-15.77,128.74,64.4,14.99
195,Kailua,75,US,1559690959,61,21.39,-157.74,87.8,10.29
196,Longyearbyen,75,NO,1559690960,74,78.22,15.63,35.6,4.7
197,Alice Springs,0,AU,1559690961,45,-23.7,133.88,42.8,10.29
198,Bambous Virieux,75,MU,1559690963,88,-20.34,57.76,69.8,11.41
199,Ketchikan,52,US,1559690708,76,55.34,-131.65,53.15,7.16
200,Lhokseumawe,100,ID,1559690965,88,5.18,97.15,72.59,3.33
201,Trinidad,0,UY,1559690966,91,-33.52,-56.9,50.63,9.73
202,Nioki,0,CD,1559690967,43,-2.72,17.69,72.77,1.66
203,Princeton,1,US,1559690968,61,41.37,-89.46,82.99,3.36
204,Isangel,75,VU,1559690970,66,-19.55,169.27,84.2,3.36
205,Aklavik,40,CA,1559690971,41,68.22,-135.01,59.0,4.7
206,Egvekinot,97,RU,1559690972,71,66.32,-179.17,48.65,8.37
207,Vincennes,40,US,1559690902,51,38.68,-87.53,82.99,9.17
208,Ilulissat,0,GL,1559690974,61,69.22,-51.1,46.4,2.24
209,Cherskiy,0,RU,1559690978,41,68.75,161.3,41.09,16.02
210,Thompson,90,CA,1559690979,87,55.74,-97.86,48.2,3.36
211,Den Helder,75,NL,1559690983,100,52.96,4.76,66.0,5.82
212,Vanimo,70,PG,1559690984,73,-2.67,141.3,82.49,3.74
213,Chalus,0,IR,1559690985,88,36.66,51.42,69.8,3.85
214,Popondetta,40,PG,1559690986,47,-8.77,148.24,80.51,3.24
215,Manitouwadge,57,CA,1559690792,34,49.12,-85.84,62.51,3.78
216,Kota Belud,75,MY,1559690988,94,6.35,116.43,77.0,3.36
217,Vila Velha,0,BR,1559690989,78,-3.71,-38.6,81.0,5.82
218,Ranong,75,TH,1559690991,100,9.96,98.62,77.0,1.23
219,Santa Maria,20,BR,1559690993,93,-29.69,-53.81,55.4,3.36
220,Fairbanks,1,US,1559690994,24,64.84,-147.72,68.0,6.93
221,Cabo San Lucas,5,MX,1559690893,51,22.89,-109.91,84.99,11.41
222,Medea,20,DZ,1559690996,93,36.27,2.77,60.8,2.8
223,Kurchum,3,KZ,1559690997,77,48.57,83.65,51.53,4.76
224,Doka,85,SD,1559690998,57,13.52,35.76,83.93,10.54
225,Araguaina,32,BR,1559690738,77,-7.19,-48.21,74.93,1.66
226,Izumo,0,JP,1559691001,73,35.37,132.75,75.2,3.36
227,Puerto Escondido,75,MX,1559691002,74,15.86,-97.07,84.2,5.14
228,Tucumcari,40,US,1559691003,29,35.17,-103.73,89.6,12.75
229,Grand Gaube,75,MU,1559691004,88,-20.01,57.66,69.8,11.41
230,Kieta,64,PG,1559691005,69,-6.22,155.63,85.19,8.79
231,Iqaluit,75,CA,1559691006,38,63.75,-68.52,37.4,3.36
232,Pangoa,39,PE,1559691008,74,-12.12,-73.0,69.53,1.34
233,Arraial do Cabo,6,BR,1559691009,69,-22.97,-42.02,71.15,18.59
234,Dingzhou,90,CN,1559691010,78,38.51,115.0,71.6,2.24
235,Rodrigues Alves,0,BR,1559691011,94,-7.74,-72.65,75.2,3.36
236,San Patricio,0,PY,1559690918,92,-26.98,-56.83,55.13,4.43
237,Padang,98,ID,1559691013,76,-0.92,100.36,83.21,5.77
238,Dutse,90,NG,1559691014,38,11.76,9.34,92.57,16.26
239,Wenzhou,18,CN,1559691016,74,28.02,120.66,79.61,3.13
240,Aras,10,YE,1559691017,66,14.28,44.38,70.79,1.7
241,Sorland,100,NO,1559691018,90,67.67,12.69,47.93,14.07
242,Bend,1,US,1559690921,13,44.06,-121.32,82.4,6.93
243,Banjar,92,ID,1559691020,95,-7.37,108.54,73.31,1.92
244,Dhule,18,IN,1559691021,54,20.9,74.77,85.37,19.8
245,Port Lincoln,67,AU,1559691022,56,-34.72,135.86,56.39,5.64
246,Xining,0,CN,1559691024,65,36.62,101.77,45.95,2.64
247,Bhalki,64,IN,1559691025,31,18.04,77.21,91.49,12.97
248,Husavik,93,CA,1559691026,44,50.56,-96.99,72.0,5.01
249,Inta,21,RU,1559691027,83,66.04,60.13,35.15,3.65
250,Shimoda,75,JP,1559691028,78,34.7,138.93,73.99,2.24
251,Saint-Philippe,1,CA,1559691029,54,45.36,-73.48,59.0,21.92
252,Markova,0,RU,1559691030,93,52.21,104.21,42.01,4.47
253,Hobyo,100,SO,1559691032,68,5.35,48.53,81.05,24.0
254,Pundaguitan,100,PH,1559691033,73,6.37,126.17,82.85,8.03
255,Lagos,20,NG,1559691034,88,6.46,3.39,80.6,2.24
256,Esso,89,RU,1559691035,58,55.93,158.7,49.91,8.59
257,Qarqin,3,AF,1559691036,30,37.41,66.03,78.17,2.17
258,Tiznit,0,MA,1559691037,89,29.7,-9.73,66.83,13.22
259,Lavrentiya,1,RU,1559691038,39,65.58,-170.99,59.99,3.67
260,Frejus,25,FR,1559691040,70,44.93,6.54,57.0,7.02
261,Fukue,75,JP,1559691041,78,35.03,136.69,75.99,1.12
262,Komsomolskiy,91,RU,1559691042,92,67.55,63.78,25.61,6.11
263,La Ronge,40,CA,1559691043,40,55.1,-105.3,68.0,9.17
264,Hamilton,90,BM,1559691044,83,32.3,-64.78,75.2,6.93
265,Coquimbo,75,CL,1559691046,93,-29.95,-71.34,66.99,2.24
266,Hasaki,75,JP,1559691047,73,35.73,140.83,73.0,8.05
267,High Rock,75,BS,1559691048,74,26.63,-78.28,84.2,8.05
268,Humaita,0,AR,1559691049,81,-24.93,-65.37,53.6,4.7
269,Kalmunai,70,LK,1559691050,90,7.42,81.82,76.37,1.3
270,Ngunguru,77,NZ,1559691051,95,-35.62,174.5,60.01,14.0
271,Rawson,100,AR,1559691053,32,-43.3,-65.11,62.33,24.32
272,Kargil,98,PK,1559691054,76,34.56,76.13,34.79,3.18
273,Thai Binh,75,VN,1559691055,94,20.45,106.33,86.0,9.17
274,Freeport,75,BS,1559690961,74,26.54,-78.7,84.2,8.05
275,Shama,2,YE,1559691057,53,15.9,43.48,91.31,4.63
276,Bunia,100,CD,1559691058,95,1.56,30.25,66.11,1.97
277,Conde,24,BR,1559691060,89,-11.81,-37.61,66.65,1.92
278,Iracoubo,38,GF,1559691061,88,5.48,-53.21,78.17,5.75
279,Esperance,20,TT,1559691062,78,10.24,-61.45,84.0,6.93
280,High Level,90,CA,1559691063,71,58.52,-117.13,50.0,10.29
281,Avera,1,US,1559691064,58,33.19,-82.53,90.0,6.93
282,Broome,55,GB,1559691066,100,52.47,1.45,57.2,8.05
283,Maragogi,27,BR,1559690839,87,-9.01,-35.22,72.95,2.89
284,Dhidhdhoo,100,MV,1559691068,76,6.88,73.1,83.75,16.31
285,Waipawa,97,NZ,1559691069,83,-39.94,176.59,50.0,5.21
286,Bonfim,0,BR,1559691070,68,-20.33,-44.24,64.4,6.93
287,Piney Green,1,US,1559691072,57,35.09,-78.48,84.0,5.64
288,Guerrero Negro,5,MX,1559691073,85,27.97,-114.04,66.29,12.59
289,Iskateley,58,RU,1559691074,69,67.68,53.15,39.11,8.48
290,Nizhnyaya Tavda,99,RU,1559691075,98,57.67,66.17,53.15,6.55
291,Snyder,1,US,1559691076,48,32.72,-100.92,84.99,11.41
292,Maloy,100,ID,1559691078,93,1.0,118.1,76.73,0.54
293,South Yuba City,1,US,1559691037,36,39.12,-121.64,99.0,4.7
294,Barroquinha,45,BR,1559691080,92,-3.02,-41.13,76.01,3.6
295,Pangnirtung,75,CA,1559691081,80,66.15,-65.72,39.2,8.05
296,Deputatskiy,0,RU,1559691082,39,69.3,139.9,42.35,16.06
297,Port Macquarie,90,AU,1559691083,81,-31.43,152.91,57.99,10.29
298,Aripuana,97,BR,1559690980,70,-9.17,-60.63,76.37,1.72
299,Abha,0,SA,1559691086,52,18.22,42.5,69.8,4.7
300,Buala,64,SB,1559691087,79,-8.15,159.59,84.11,10.96
301,Liverpool,75,GB,1559690820,93,53.41,-2.98,53.6,10.29
302,Grenville,40,CA,1559691089,58,45.62,-74.6,59.0,16.11
303,Kenai,40,US,1559691090,76,60.55,-151.26,63.0,11.41
304,Sciacca,0,IT,1559691092,82,37.51,13.08,68.0,2.24
305,Nuqui,75,CO,1559691093,62,5.71,-77.27,89.6,2.24
306,Mahanoro,33,MG,1559691094,98,-19.9,48.8,65.21,0.63
307,Villa Guerrero,63,MX,1559691095,44,21.98,-103.59,80.69,8.12
308,Chokurdakh,21,RU,1559691096,58,70.62,147.9,38.75,6.33
309,Mount Isa,100,AU,1559691098,38,-20.73,139.49,51.8,18.34
310,Algiers,1,US,1559690821,52,29.94,-90.04,91.99,8.05
311,Mount Gambier,90,AU,1559691100,93,-37.83,140.78,48.2,5.82
312,Arsk,0,RU,1559691101,76,56.09,49.88,48.2,2.24
313,Harper,40,US,1559691102,69,30.3,-99.24,82.4,9.17
314,Sambava,12,MG,1559691104,97,-14.27,50.17,64.13,4.29
315,Westport,100,IE,1559691105,82,53.8,-9.52,52.0,14.0
316,Ajdabiya,0,LY,1559691106,72,30.75,20.22,69.89,11.25
317,Great Yarmouth,60,GB,1559691107,100,52.61,1.73,57.2,8.05
318,Timra,4,SE,1559691108,93,62.49,17.33,57.99,3.36
319,Long Xuyen,40,VN,1559691110,100,10.39,105.43,71.6,1.12
320,Kalabo,0,ZM,1559691111,43,-15.0,22.67,54.77,5.61
321,Mayumba,65,GA,1559691115,87,-3.44,10.65,74.21,4.74
322,Garowe,100,SO,1559691116,54,8.41,48.48,81.23,20.78
323,Sioux Lookout,90,CA,1559691120,82,50.1,-91.92,55.4,9.17
324,Kholtoson,27,RU,1559691122,45,50.3,103.31,47.39,2.19
325,Pathein,77,MM,1559691126,82,16.78,94.73,81.59,4.05
326,Hangu,75,PK,1559691127,53,33.53,71.06,75.2,20.8
327,Trairi,74,BR,1559691128,95,-3.28,-39.27,72.95,2.84
328,Koulikoro,20,ML,1559691129,66,12.86,-7.56,86.0,11.41
329,Aneho,20,TG,1559691131,83,6.23,1.6,80.6,11.41
330,Sovetskaya Gavan,55,RU,1559691132,80,48.97,140.29,50.45,5.14
331,Luwingu,0,ZM,1559691136,89,-10.26,29.92,52.43,4.0
332,Havre-Saint-Pierre,90,CA,1559691137,87,50.23,-63.6,48.2,4.7
333,Matagami,97,NG,1559690864,89,9.67,8.4,73.13,3.89
334,Usinsk,0,RU,1559691139,76,66.0,57.56,37.13,4.59
335,Baglung,13,NP,1559691143,70,28.27,83.59,55.13,1.1
336,Talnakh,0,RU,1559691072,69,69.49,88.39,37.4,6.71
337,Kautokeino,37,NO,1559691146,90,69.01,23.04,41.81,2.89
338,Souillac,99,FR,1559691147,93,45.6,-0.6,59.0,6.93
339,Bilma,1,NE,1559691148,19,18.69,12.92,90.59,4.05
340,Gornopravdinsk,73,RU,1559691149,76,60.06,69.92,54.59,9.53
341,Saint Anthony,1,US,1559691150,31,43.97,-111.68,78.8,9.17
342,Trincomalee,46,LK,1559691151,81,8.58,81.23,78.89,6.73
343,Ust-Ilimsk,1,RU,1559691152,63,57.96,102.73,57.65,2.46
344,Manuk Mangkaw,100,PH,1559691154,72,4.8,119.85,84.47,9.1
345,Yuanping,100,CN,1559691155,35,38.72,112.71,61.25,2.93
346,Bilibino,89,RU,1559691156,91,68.06,166.44,36.23,3.31
347,Neuhof,63,DE,1559691161,61,50.45,9.61,73.0,6.93
348,Marzuq,39,YE,1559691162,17,14.4,46.47,79.43,1.23
349,Snezhnogorsk,75,RU,1559691164,93,69.19,33.23,46.4,2.24
350,Santa Paula,90,US,1559691165,72,34.35,-119.06,82.4,6.93
351,Saint-Pierre,82,FR,1559691167,88,48.95,4.24,68.0,6.93
352,Poum,40,MK,1559691060,94,41.28,20.71,47.21,1.97
353,Half Moon Bay,20,US,1559691043,44,37.46,-122.43,87.01,19.46
354,Kupang,91,ID,1559691173,71,-10.16,123.6,79.25,20.8
355,Lompoc,1,US,1559691021,72,34.64,-120.46,80.6,14.99
356,Khash,1,IR,1559691175,29,28.22,61.21,67.01,7.67
357,Banda Aceh,71,ID,1559691176,71,5.56,95.32,83.57,3.76
358,Baykit,32,RU,1559691178,55,61.68,96.39,59.09,2.77
359,Mahebourg,75,MU,1559691179,88,-20.41,57.7,69.8,11.41
360,Valdosta,1,US,1559691047,46,30.83,-83.28,96.8,4.7
361,Sept-Iles,75,CA,1559691181,76,50.2,-66.38,51.01,3.36
362,Nalut,0,LY,1559691182,23,31.86,10.98,78.71,8.77
363,Novobirilyussy,0,RU,1559691183,57,56.95,90.69,57.65,0.94
364,Rangpur,0,BD,1559691185,82,25.76,89.24,77.81,6.53
365,Imbituba,0,BR,1559691039,77,-28.24,-48.67,64.4,3.36
366,Naze,75,NG,1559691187,94,5.43,7.07,77.0,4.52
367,Starokostyantyniv,85,UA,1559691188,95,49.76,27.2,61.07,6.04
368,Petropavlovsk-Kamchatskiy,75,RU,1559691024,93,53.05,158.65,48.2,4.47
369,Necochea,100,AR,1559691190,80,-38.55,-58.74,54.0,13.0
370,Bereda,20,ES,1559691191,87,43.27,-7.54,55.0,5.82
371,Worland,1,US,1559691192,24,44.02,-107.96,82.4,11.05
372,Saint-Augustin,100,FR,1559691194,87,44.83,-0.61,62.01,1.12
373,Moustheni,20,GR,1559691195,82,40.86,24.11,69.01,3.36
374,Sinnamary,24,GF,1559691075,82,5.38,-52.96,81.23,11.5
375,Doha,0,QA,1559691177,70,25.29,51.53,87.8,5.82
376,Svetlopolyansk,6,RU,1559691198,71,59.42,52.36,39.83,3.38
377,Nabire,100,ID,1559691200,97,-3.36,135.5,72.77,2.73
378,Vila Franca do Campo,75,PT,1559691201,63,37.72,-25.43,62.6,6.93
379,Mudgee,8,AU,1559691202,75,-32.6,149.59,50.0,10.07
380,Praia,0,BR,1559691109,68,-20.25,-43.81,64.4,6.93
381,Samarai,79,PG,1559691204,94,-10.62,150.67,76.73,7.36
382,Mbandaka,5,CD,1559691205,63,0.05,18.26,72.41,2.13
383,Celestun,100,MX,1559691206,83,20.87,-90.4,83.57,17.96
384,Pocatello,20,US,1559691207,26,42.87,-112.44,80.6,18.34
385,Bodden Town,20,KY,1559691209,70,19.28,-81.25,87.8,10.29
386,Playas,45,EC,1559691210,83,-2.64,-80.39,72.59,12.12
387,Baijiantan,100,CN,1559691211,51,45.63,85.18,68.81,11.63
388,Lixourion,0,GR,1559691212,69,38.2,20.43,63.0,2.46
389,Bustamante,67,MX,1559691213,51,26.53,-100.51,85.01,12.91
390,Almaznyy,0,RU,1559691214,49,48.03,40.04,69.8,15.66
391,Faya,0,SA,1559691216,52,18.39,42.45,69.8,4.7
392,Ovsyanka,39,RU,1559691217,43,53.58,126.91,72.59,4.68
393,Verkhoyansk,1,RU,1559691219,33,67.55,133.39,53.33,10.89
394,Sao Miguel,89,BR,1559691220,98,4.52,-61.01,66.11,2.19
395,Tabou,14,CI,1559691221,90,4.42,-7.36,74.75,2.68
396,Salta,0,AR,1559691226,81,-24.79,-65.41,53.6,4.7
397,Codrington,75,AU,1559691227,55,-28.95,153.24,60.8,8.05
398,Basco,40,US,1559691228,66,40.33,-91.2,86.0,10.29
399,San Andres,37,PH,1559691229,69,13.32,122.68,83.93,2.73
400,Bathsheba,40,BB,1559691101,78,13.22,-59.52,82.4,20.8
401,Comodoro Rivadavia,0,AR,1559691231,39,-45.87,-67.48,64.4,13.87
402,Benguela,64,AO,1559691232,82,-12.58,13.4,75.11,7.78
403,Meulaboh,100,ID,1559691234,79,4.14,96.13,81.41,6.13
404,Srednekolymsk,0,RU,1559691090,34,67.46,153.71,45.23,11.5
405,Evensk,32,RU,1559691236,55,61.92,159.24,57.11,5.37
406,Hambantota,92,LK,1559691237,78,6.12,81.12,83.03,16.98
407,Yumen,4,CN,1559691238,18,40.29,97.04,74.03,12.84
408,Lazaro Cardenas,20,MX,1559691239,24,28.39,-105.62,89.6,10.29
409,Urucara,9,BR,1559691240,89,-2.54,-57.76,77.09,1.63
410,Nevsehir,0,TR,1559691241,30,38.62,34.71,68.0,2.24
411,Chernyshevskiy,48,RU,1559691243,47,63.01,112.47,60.35,4.47
412,Lady Lake,90,US,1559691244,65,28.92,-81.92,90.0,8.05
413,Pauini,96,BR,1559691245,74,-7.71,-67.0,79.61,2.17
414,Oktyabrskoye,0,RU,1559691246,100,56.73,85.44,48.99,2.24
415,Ballina,100,IE,1559691247,91,54.11,-9.15,51.01,5.99
416,Along,52,IN,1559691248,79,28.17,94.8,58.55,3.62
417,Semey,31,KZ,1559691250,52,50.41,80.25,63.95,15.37
418,Jacareacanga,62,BR,1559691251,74,-6.22,-57.76,77.99,1.72
419,Manyana,40,AU,1559691252,62,-35.26,150.51,55.0,17.22
420,Novoagansk,13,RU,1559691253,59,61.94,76.66,56.03,6.82
421,Kasongo-Lunda,0,CD,1559691254,36,-6.48,16.82,62.87,3.27
422,Kuching,75,MY,1559691257,100,1.56,110.34,77.0,2.24
423,Patacamaya,0,BO,1559691258,57,-17.23,-67.92,45.05,12.46
424,Pahrump,1,US,1559691259,9,36.21,-115.98,100.0,10.6
425,Siguiri,83,GN,1559691260,71,11.42,-9.17,81.23,7.23
426,Rio Grande,0,BR,1559691261,79,-32.03,-52.1,52.43,3.33
427,Satipo,100,PE,1559691262,98,-11.26,-74.64,32.45,4.43
428,Kushima,40,JP,1559691263,83,31.5,131.29,73.4,4.7
429,Kisaran,100,ID,1559691265,95,2.98,99.62,75.11,1.12
430,Sovetskaya,6,RU,1559691266,90,44.78,41.17,65.75,6.42
431,Chingirlau,0,KZ,1559691270,79,51.09,54.08,52.07,8.99
432,Udachnyy,90,RU,1559691271,100,66.42,112.4,44.6,4.47
433,Molina,100,CL,1559691272,87,-35.11,-71.28,53.6,2.24
434,Palmer,75,AU,1559691274,75,-34.85,139.16,52.0,5.82
435,Nokaneng,0,BW,1559691275,31,-19.66,22.19,56.75,4.38
436,Tautira,20,PF,1559691276,54,-17.73,-149.15,84.2,5.82
437,Madimba,75,CM,1559691277,94,4.42,9.93,78.8,1.12
438,Namatanai,76,PG,1559691278,82,-3.66,152.44,81.41,8.66
439,Tuatapere,48,NZ,1559691279,63,-46.13,167.69,48.47,24.07
440,Zhigansk,80,RU,1559691281,49,66.77,123.37,59.99,1.36
441,Port Keats,100,AU,1559691282,31,-14.25,129.55,68.81,20.89
442,Thunder Bay,90,CA,1559691089,100,48.41,-89.26,46.99,12.75
443,Washington DC.,1,US,1559691215,40,38.9,-77.04,75.2,4.7
444,Inhambane,0,MZ,1559691285,92,-23.87,35.38,60.53,1.21
445,San Cristobal,75,EC,1559691074,59,-0.39,-78.55,66.2,8.05
446,Khingansk,100,RU,1559691287,45,49.12,131.18,73.13,0.81
447,Estevan,1,CA,1559691053,19,49.14,-102.99,80.01,14.99
448,Mora,0,PT,1559691290,90,38.94,-8.17,59.0,5.48
449,Road Town,40,VG,1559691294,78,18.42,-64.62,84.2,6.93
450,Zaltan,0,LY,1559691295,32,32.95,11.87,78.35,10.45
451,Kaeo,68,NZ,1559691296,95,-35.1,173.78,62.01,11.99
452,Morondava,54,MG,1559691297,78,-20.3,44.28,76.01,19.17
453,Misratah,0,LY,1559691177,67,32.38,15.09,71.51,9.6
454,Lask,0,PL,1559691299,77,51.59,19.13,68.0,4.7
455,Moindou,90,NC,1559691300,94,-21.69,165.68,69.8,4.7
456,Bako,0,NG,1559691302,79,9.68,6.4,84.2,6.93
457,San Lorenzo,62,HN,1559691304,64,13.43,-87.45,86.99,4.43
458,Mahon,75,IE,1559691305,93,51.89,-8.4,48.99,12.75
459,Prince Rupert,40,CA,1559691250,71,54.32,-130.32,55.4,6.93
460,Lata,0,IN,1559691308,45,30.78,78.62,34.43,9.6
461,Belle Fourche,1,US,1559691309,41,44.67,-103.85,82.99,17.22
462,Haicheng,38,CN,1559691310,61,40.85,122.74,73.31,8.88
463,Yalvac,0,TR,1559691311,68,38.3,31.18,52.61,2.93
464,Chifeng,1,CN,1559691312,23,42.27,118.96,65.39,9.28
465,Tamiahua,89,MX,1559691313,81,21.28,-97.45,82.67,9.8
466,Abu Samrah,98,SY,1559691314,38,35.3,37.18,76.91,7.18
467,Rome,0,IT,1559691244,87,41.89,12.48,66.0,3.36
468,Rio Rancho,75,US,1559691317,40,35.27,-106.63,71.01,3.36
469,Haines Junction,51,CA,1559691318,33,60.75,-137.51,56.93,3.31
470,Chilca,20,PE,1559691319,44,-13.22,-72.34,57.2,6.93
471,Nampula,3,MZ,1559691320,99,-15.12,39.26,63.05,4.7
472,Flin Flon,40,CA,1559691322,34,54.77,-101.88,68.0,13.87
473,Kijang,19,KR,1559691323,78,35.24,129.21,73.4,2.24
474,Malyi,0,UA,1559691324,88,50.22,23.74,64.4,4.47
475,Aleysk,9,RU,1559691325,76,52.5,82.77,55.85,5.23
476,Chimbote,49,PE,1559691326,90,-9.08,-78.59,63.41,16.4
477,Arman,97,RU,1559691327,72,59.7,150.17,54.59,4.76
478,San Rafael,90,AR,1559691329,29,-34.61,-68.33,57.29,10.89
479,North Bend,1,US,1559691330,63,43.41,-124.22,69.01,16.11
480,Alenquer,0,BR,1559691332,100,-1.95,-54.74,77.0,3.36
481,Parana,0,BR,1559691333,94,-7.52,-72.89,75.2,3.36
482,Ergani,0,TR,1559691334,59,38.27,39.76,68.0,3.36
483,Khairpur Nathan Shah,12,PK,1559691335,7,27.09,67.73,99.59,3.58
484,Brae,9,GB,1559691336,93,60.4,-1.35,42.8,6.93
485,Matsusaka,75,JP,1559691340,78,34.59,136.54,71.6,1.12
486,Khani,40,GE,1559691344,94,41.96,42.96,71.6,3.36
487,Cacapava do Sul,0,BR,1559691346,95,-30.51,-53.49,50.63,3.78
488,Puerto Carreno,75,CO,1559691293,88,6.19,-67.49,78.8,4.23
489,Namibe,0,AO,1559691348,74,-15.19,12.15,71.15,2.51
490,Noumea,90,NC,1559691102,94,-22.28,166.46,69.8,4.7
491,Ryotsu,75,JP,1559691350,61,38.08,138.43,77.0,5.82
492,Mazamari,100,PE,1559691351,98,-11.33,-74.53,32.45,4.43
493,Tessalit,0,ML,1559691352,13,20.2,1.01,92.57,7.49
494,Bakchar,0,RU,1559691353,87,57.02,82.07,51.53,3.62
495,Najran,0,SA,1559691355,24,17.54,44.22,80.6,4.7
496,Christchurch,100,NZ,1559691074,59,-43.53,172.64,39.99,4.7
497,Bam,0,IR,1559691357,21,29.11,58.36,66.47,5.66
498,Soignies,97,BE,1559691358,100,50.58,4.07,64.0,5.82
499,Saint George,75,GR,1559691359,88,39.45,22.34,64.4,3.87
500,Axim,100,GH,1559691360,88,4.87,-2.24,77.27,7.11
501,Hirara,75,JP,1559691361,88,24.8,125.28,82.4,9.17
502,Basse-Pointe,40,MQ,1559691363,78,14.87,-61.12,86.0,10.29
503,Coihaique,90,CL,1559691108,93,-45.58,-72.07,44.6,4.7
504,Pitimbu,0,BR,1559691365,69,-7.47,-34.81,78.8,11.41
505,Pokhara,13,NP,1559691366,70,28.21,83.99,55.13,1.1
506,Zyryanka,100,RU,1559691367,36,65.73,150.89,47.93,11.07
507,Quesnel,20,CA,1559691376,47,52.98,-122.49,59.0,3.36
508,Ushtobe,34,KZ,1559691377,52,45.25,77.98,72.59,15.99
509,Nichinan,40,JP,1559691378,83,31.65,131.31,73.4,4.7
510,Methoni,0,GR,1559691379,87,36.82,21.7,64.99,4.52
511,Fayetteville,1,US,1559691295,69,36.06,-94.16,81.0,5.82
512,Jalu,2,LY,1559691092,34,29.03,21.55,79.25,13.35
513,Visby,20,SE,1559691383,93,57.64,18.3,57.99,3.36
514,Redmond,20,US,1559691151,24,47.67,-122.12,72.0,6.93
515,Alta Floresta,20,BR,1559691385,83,-9.87,-56.08,78.8,3.36
516,Ekhabi,96,RU,1559691386,93,53.51,142.97,38.03,6.58
517,Odesskoye,100,RU,1559691387,82,54.21,72.97,57.47,10.87
518,Porkhov,0,RU,1559691388,82,57.77,29.55,57.2,4.47
519,Chunskiy,4,RU,1559691389,52,56.08,99.63,57.47,1.1
520,Vermillion,1,US,1559691391,42,42.78,-96.93,91.4,5.82
521,Tarko-Sale,6,RU,1559691392,50,64.92,77.78,64.0,6.89
522,Gimli,89,CA,1559691106,44,50.63,-96.99,72.0,5.99
523,Mozhaysk,0,RU,1559691394,93,55.5,36.03,49.73,4.07
524,Kuala Terengganu,75,MY,1559691395,94,5.33,103.14,78.8,3.36
525,Cockburn Town,21,TC,1559691337,79,21.46,-71.14,81.77,11.34
526,Elburg,90,NL,1559691397,88,52.45,5.84,66.0,9.17
527,Cam Ranh,40,VN,1559691398,94,11.92,109.15,82.4,2.24
528,Mareeba,98,AU,1559691400,32,-16.99,145.42,69.01,17.22
529,Vung Tau,100,VN,1559691275,76,10.35,107.08,83.93,5.3
530,Boyolangu,38,ID,1559691402,88,-8.09,111.9,73.31,3.4
531,Alugan,8,PH,1559691403,81,12.22,125.48,83.57,4.14
532,Meridian,1,US,1559691404,44,32.36,-88.7,93.2,8.05
533,Gijon,75,ES,1559691405,93,43.54,-5.66,55.0,6.93
534,Ouallam,39,NE,1559691406,24,14.32,2.08,96.89,8.28
535,Graham,1,US,1559691408,42,36.07,-79.4,81.0,3.36
536,Sola,0,FI,1559691409,63,62.78,29.36,62.6,6.93
537,Vardo,1,US,1559691410,52,39.62,-77.74,73.4,5.82
538,Sao Gabriel da Cachoeira,100,BR,1559691411,97,-0.13,-67.09,75.47,1.88
539,Viedma,100,AR,1559691412,69,-40.81,-62.99,59.27,19.42
540,Rocha,11,UY,1559691413,85,-34.48,-54.34,47.21,5.44
541,Bonavista,92,CA,1559691415,83,48.65,-53.11,57.0,7.0
542,Azle,40,US,1559691388,65,32.9,-97.55,84.99,13.87
543,Araguari,0,BR,1559691417,67,-18.65,-48.19,60.8,11.41
544,Martin,1,US,1559691418,65,36.34,-88.85,84.2,9.17
545,Kingman,1,US,1559691345,9,35.19,-114.05,104.0,10.29
546,Svatove,81,UA,1559691420,85,49.42,38.16,60.53,10.89
547,Quebec,75,CA,1559691270,62,46.83,-71.24,55.0,5.82
548,Bintulu,75,MY,1559691426,100,3.17,113.03,75.2,2.24
549,Keokuk,40,US,1559691427,66,40.4,-91.39,86.0,10.29
550,Boysun,91,UZ,1559691428,75,38.2,67.2,48.11,1.66
551,Tornio,0,FI,1559691429,87,61.12,27.27,62.6,8.05
552,Barguzin,98,RU,1559691430,96,53.62,109.63,34.97,2.91
553,General Nakar,77,PH,1559691431,77,14.76,121.64,82.31,2.33
554,Tra Vinh,100,VN,1559691432,82,9.93,106.35,81.95,1.14
